name,location
Frankie Burgers,"C/ Ponzano, 46 MadridC/ Mayor 3 Alcalá de Henares"
Vicio,"C/ Puerto Serrano, 14Vía de las dos castillas, 33 Pozuelo de Alarcón"
The Real Food Company,"C/ Gran Vía, 55C/ Preciados, 42C/ Luchana, 17C/ Atocha, 110C/ Arenal , 26"
The Fitzgerald,"C/ Recoletos, 4C/ San Germán, 5C/ Pº de la Castellana, 89C/ Miguel Ángel, 16El Corte Inglés Preciados C/ Preciados, 3Paseo de la Castellana, 259 Torre Caleido, local 509 – 510CC Moraleja Green Avenida de Europa Alcobendas, MadridCC Parquesur Av de Gran Bretaña, s/n2 Leganés"
SteakBurger,"C/ Sevilla, 3 Madrid"
New York Burger,"C/ Juan Hurtado de Mendoza, 11C/ Lagasca, 5"
Dani Brasserie,"C/ José Ortega y Gasset, 32"
Toro Burger Launge,"C/ Fuencarral, 148C/ Valverde 6 C/ Vizconde de Matamala, 5C/ Alcalá 12 (Galería Canalejas)"
Alfredo's BBQ,C/ San modesto 34C/ Castiello de Jaca 14
Abya,"C/ Guzmán el Bueno, 67"
Burnout,"C/ General Pardiñas, 32"
Juancho’s BBQ,"C/San Martín, 3C/ Campoamor, 13"
La Bistroteca,
El Círculo,
Queen Burger Gourmet,
Five Guys,
Cafetería HD,
BiBo,
Rude Burger,
Mad Grill,
Recomendaciones para foodies,
